year,total_spending
2020,37778829680.07
2021,40135340774.97
2022,44241259744.899994
2023,50775853083.090004
2024,60838164403.11
